<?xml version="1.0" encoding="UTF-8"?>
<project-private xmlns="http://www.netbeans.org/ns/project-private/1">
    <editor-bookmarks xmlns="http://www.netbeans.org/ns/editor-bookmarks/2" lastBookmarkId="0"/>
    <open-files xmlns="http://www.netbeans.org/ns/projectui-open-files/2">
        <group>
            <file>file:/C:/Users/edt0p/OneDrive/Escritorio/PROYECTO%20NETBEANS/proyectoog/src/proyecto/Proyecto.java</file>
            <file>file:/C:/Users/edt0p/OneDrive/Escritorio/PROYECTO%20NETBEANS/proyectoog/src/proyecto/cliente.java</file>
            <file>file:/C:/Users/edt0p/OneDrive/Escritorio/PROYECTO%20NETBEANS/proyectoog/src/proyecto/fondo.jpg</file>
            <file>file:/C:/Users/edt0p/OneDrive/Escritorio/PROYECTO%20NETBEANS/proyectoog/src/proyecto/pizza.png</file>
            <file>file:/C:/Users/edt0p/OneDrive/Escritorio/PROYECTO%20NETBEANS/proyectoog/src/proyecto/pizzerialogin.java</file>
            <file>file:/C:/Users/edt0p/OneDrive/Escritorio/PROYECTO%20NETBEANS/proyectoog/src/proyecto/sistema.java</file>
            <file>file:/C:/Users/edt0p/OneDrive/Escritorio/PROYECTO%20NETBEANS/proyectoog/src/proyecto/ConexionMySQL.java</file>
            <file>file:/C:/Users/edt0p/OneDrive/Escritorio/PROYECTO%20NETBEANS/proyectoog/src/proyecto/TestConexionMySQL.java</file>
        </group>
    </open-files>
</project-private>
